кjсдлфкj|kjsdlfkj;KJSDLFKJ;Kjsdlfkj;кjсдлфкj;КJСДЛФКJ;Кjсдлфкj
лклаéсд|lklaésd;LKLAÉSD;Lklaésd;лклаéсд;ЛКЛАÉСД;Лклаéсд
сдфсдф|sdfsdf;SDFSDF;Sdfsdf;сдфсдф;СДФСДФ;Сдфсдф
сдфсдф|sdfsdf;SDFSDF;Sdfsdf;сдфсдф;СДФСДФ;Сдфсдф
сдфсдф|sdfsdf;SDFSDF;Sdfsdf;сдфсдф;СДФСДФ;Сдфсдф
скдфjксjлдф|skdfjksjldf;SKDFJKSJLDF;Skdfjksjldf;скдфjксjлдф;СКДФJКСJЛДФ;Скдфjксjлдф
кллjклсдфгéjклсф|klljklsdfgéjklsf;KLLJKLSDFGÉJKLSF;Klljklsdfgéjklsf;кллjклсдфгéjклсф;КЛЛJКЛСДФГÉJКЛСФ;Кллjклсдфгéjклсф
попококрфг|popokokrfg;POPOKOKRFG;Popokokrfg;попококрфг;ПОПОКОКРФГ;Попококрфг
тесзт|teszt;TESZT;Teszt;тесзт;ТЕСЗТ;Тесзт
ерте|erte;ERTE;Erte;ерте;ЕРТЕ;Ерте
ертерт|ertert;ERTERT;Ertert;ертерт;ЕРТЕРТ;Ертерт
сдф|sdf;SDF;Sdf;сдф;СДФ;Сдф
сдфсф|sdfsf;SDFSF;Sdfsf;сдфсф;СДФСФ;Сдфсф
сдфсдф|sdfsdf;SDFSDF;Sdfsdf;сдфсдф;СДФСДФ;Сдфсдф
